Task,CV_mean,CV_std
1,0.3,0.0
2,0.3,0.0
3,0.3,0.0
4,0.3,0.0
5,0.3,0.0
6,0.3,0.0
7,0.3,0.0
8,0.31,0.0
9,0.31,0.0
10,0.31,0.0
11,0.31,0.0
12,0.31,0.0
13,0.31,0.0
14,0.31,0.0
15,0.32,0.0
16,0.32,0.0
17,0.32,0.0
18,0.32,0.0
19,0.32,0.0
20,0.32,0.0
21,0.32,0.0
22,0.33,0.0
23,0.33,0.0
24,0.33,0.0
25,0.33,0.0
26,0.33,0.0
27,0.33,0.0
28,0.34,0.0
29,0.34,0.0
30,0.34,0.0
31,0.34,0.0
32,0.34,0.0
33,0.34,0.0
34,0.35,0.0
35,0.35,0.0
36,0.35,0.0
37,0.35,0.0
38,0.35,0.0
39,0.35,0.0
40,0.36,0.0
41,0.36,0.0
42,0.36,0.0
43,0.36,0.0
44,0.36,0.0
45,0.37,0.0
46,0.37,0.0
47,0.37,0.0
48,0.37,0.0
49,0.38,0.0
50,0.38,0.0
51,0.38,0.0
52,0.38,0.0
53,0.38,0.0
54,0.39,0.0
55,0.39,0.0
56,0.39,0.0
57,0.39,0.0
58,0.4,0.0
59,0.4,0.0
60,0.4,0.0
61,0.4,0.0
62,0.41,0.0
63,0.41,0.0
64,0.41,0.0
65,0.41,0.0
66,0.42,0.0
67,0.42,0.0
68,0.42,0.0
69,0.42,0.0
70,0.43,0.0
71,0.43,0.0
72,0.43,0.0
73,0.43,0.0
74,0.44,0.0
75,0.44,0.0
76,0.44,0.0
77,0.45,0.0
78,0.45,0.0
79,0.45,0.0
80,0.46,0.0
