Task,Motor1_m,Motor2_m,Motor3_m,Motor4_m,Motor5_m,Motor6_m,Motor1_std,Motor2_std,Motor3_std,Motor4_std,Motor5_std,Motor6_std
1,496.9,794.47,396.58,594.99,991.15,694.03,0.49,0.53,0.23,0.84,1.49,2.11
2,494.58,789.99,393.67,591.61,984.16,690.17,0.27,0.08,0.27,0.22,0.55,1.02
3,491.92,785.69,390.86,587.8,977.27,684.65,0.91,1.34,1.14,1.37,2.18,0.45
4,488.81,780.09,387.02,583.57,968.88,679.93,0.34,0.6,0.47,1.53,1.46,0.66
5,486.14,775.39,384.2,579.33,961.87,675.34,0.87,1.79,1.17,2.67,3.2,2.35
6,483.99,771.01,381.79,576.37,956.19,672.36,1.26,1.44,1.07,3.45,3.68,3.23
7,480.97,766.01,378.72,572.17,947.58,665.96,1.33,1.91,1.4,3.49,4.03,4.14
8,478.79,761.75,376.35,568.99,941.95,662.63,1.56,1.9,1.01,2.78,2.47,4.03
9,476.24,757.16,373.22,565.62,935.33,658.83,1.08,1.14,1.11,1.88,1.24,3.3
10,474.01,753.02,370.49,562.12,928.68,655.22,1.34,1.45,1.03,2.32,2.07,4.04
11,471.23,747.66,367.24,556.99,921.84,651.07,1.92,2.06,0.49,1.91,3.37,4.78
12,469.01,743.94,364.68,552.53,916.16,647.71,2.09,2.53,0.55,3.19,4.42,5.01
13,466.7,739.66,362.0,549.4,909.96,644.37,2.47,3.64,1.5,3.65,5.65,5.61
14,463.85,734.61,358.71,545.64,902.51,640.26,2.25,3.45,1.84,3.43,5.44,5.49
15,462.08,731.28,356.35,542.78,897.65,637.43,2.15,3.25,1.36,2.36,5.04,5.47
16,459.61,726.72,353.81,539.5,891.03,632.72,2.13,3.36,2.03,2.89,6.09,6.5
17,457.38,722.53,351.3,536.23,884.41,629.1,2.3,3.76,2.37,2.92,6.17,6.18
18,455.75,719.2,349.18,533.8,880.19,626.84,2.5,3.92,2.39,3.1,6.38,6.26
19,453.44,714.86,346.34,530.64,873.63,623.28,2.55,4.68,3.0,3.37,6.78,5.9
20,450.96,710.55,343.64,527.61,867.81,619.05,2.69,4.91,3.22,3.56,8.1,5.61
21,448.7,706.33,341.14,524.18,861.46,615.5,3.04,5.03,3.53,4.22,8.92,6.72
22,446.48,701.73,338.34,520.97,854.95,611.71,2.56,4.38,2.95,3.76,7.14,6.06
23,443.42,696.42,335.04,516.88,847.07,606.48,2.89,4.52,3.07,3.8,7.31,6.62
24,440.42,690.91,332.01,513.13,840.14,602.62,2.55,3.82,3.13,4.15,7.86,7.43
25,437.89,687.11,329.69,509.61,833.36,598.23,2.2,2.91,2.41,3.64,6.41,7.43
26,435.21,681.91,326.34,505.87,825.86,593.23,2.42,3.35,2.77,3.75,6.68,7.86
27,432.98,677.87,323.77,503.08,820.17,588.66,2.77,4.56,3.53,4.44,8.15,9.34
28,430.12,673.02,320.93,498.88,812.22,583.31,2.74,4.5,3.47,4.63,8.34,10.31
29,428.1,669.38,318.65,496.1,807.18,580.17,3.05,4.61,3.33,5.78,9.31,10.85
30,426.09,666.32,317.2,492.65,801.23,575.58,3.09,4.06,3.0,6.02,10.1,10.97
31,423.03,660.56,313.37,488.13,793.69,570.07,3.52,5.2,3.66,5.99,10.05,11.41
32,420.1,655.27,310.07,484.15,785.96,565.83,3.73,5.88,3.99,6.63,10.71,11.5
33,417.28,650.38,307.16,480.11,778.57,561.55,3.38,5.13,3.49,6.01,10.21,11.34
34,414.71,645.05,303.81,476.39,770.85,556.78,3.65,6.2,4.35,6.05,10.79,11.36
35,411.85,639.89,300.37,472.51,764.0,551.27,3.79,6.66,4.57,6.08,11.38,11.89
36,408.7,634.45,297.2,468.56,755.82,544.57,3.87,6.62,4.34,6.09,11.15,11.96
37,405.02,630.03,294.93,465.44,750.34,540.33,3.81,6.36,4.36,5.23,9.68,10.16
38,402.73,625.62,292.43,461.74,743.75,536.54,3.49,5.76,3.96,4.6,8.74,9.47
39,399.95,620.75,289.47,457.14,736.52,532.1,3.67,5.95,3.85,4.25,8.94,9.3
40,396.66,614.44,285.87,453.01,728.47,527.37,4.01,5.69,4.2,4.08,9.3,9.77
41,393.83,609.64,283.03,448.59,721.09,522.92,4.12,5.55,3.83,5.1,9.5,10.02
42,391.09,605.29,280.13,445.37,714.33,519.46,3.97,4.61,3.43,4.33,7.99,9.35
43,388.77,601.15,277.8,440.91,708.87,514.86,4.33,4.93,3.74,6.04,8.39,9.76
44,385.75,595.51,274.91,437.47,702.2,510.06,4.89,5.68,4.29,6.87,10.41,11.29
45,383.54,592.09,272.72,434.02,696.97,507.17,4.73,4.9,3.77,5.78,10.24,11.39
46,381.2,587.9,270.36,430.9,690.98,503.42,4.96,5.71,4.27,6.68,11.49,12.29
47,378.89,583.79,268.23,427.76,686.18,499.59,5.22,6.5,4.62,8.03,12.05,13.27
48,376.44,579.8,266.07,424.53,679.85,495.14,5.15,7.11,4.87,8.44,12.15,14.08
49,374.61,577.14,264.59,421.75,675.12,491.44,4.95,6.57,4.48,8.2,11.92,14.3
50,372.41,573.17,262.18,418.44,669.16,487.22,5.11,6.09,4.41,7.25,10.86,12.7
51,370.31,569.54,260.2,415.76,663.98,484.19,4.46,6.06,4.3,6.69,9.11,11.44
52,368.38,565.47,257.8,412.91,658.1,480.81,4.99,6.82,4.79,7.15,10.91,12.44
53,366.07,561.57,255.51,410.17,653.14,478.34,5.13,6.77,4.54,7.34,10.82,12.48
54,363.19,557.02,252.78,405.79,646.05,473.45,5.2,7.26,4.89,8.2,11.26,12.87
55,360.29,552.23,250.04,402.06,638.85,468.88,5.3,7.49,4.96,8.29,11.16,12.81
56,357.84,547.76,247.65,397.82,633.05,465.14,4.9,6.91,4.72,7.76,9.88,12.27
57,355.73,544.05,245.54,394.49,627.69,460.99,5.18,8.04,5.16,9.08,11.34,13.49
58,353.34,539.45,243.05,390.67,621.48,457.41,5.23,9.01,5.46,9.02,11.69,13.38
59,351.0,535.85,241.09,387.92,616.51,454.2,4.77,8.24,4.97,8.8,10.39,12.78
60,348.76,532.14,238.83,385.07,611.29,449.87,5.42,9.03,5.61,9.4,11.91,12.31
61,345.55,527.13,235.99,381.25,603.78,444.8,5.0,7.99,4.81,9.13,11.52,12.72
62,342.87,522.48,233.26,377.9,597.68,440.79,4.66,7.34,4.3,8.06,9.97,11.8
63,340.17,518.1,230.74,373.8,591.28,435.93,4.5,7.84,4.22,7.9,10.09,12.32
64,337.54,514.16,228.63,370.53,585.43,432.24,4.45,8.16,4.4,7.82,10.78,12.59
65,334.56,508.8,225.36,366.68,578.25,428.18,5.42,9.58,5.33,9.35,13.22,14.21
66,332.01,504.48,222.79,363.5,572.44,424.77,5.99,9.81,5.45,9.53,13.9,14.61
67,329.18,500.23,220.43,359.74,566.1,420.62,5.8,9.18,5.38,8.53,12.57,13.25
68,325.7,494.48,217.02,355.9,558.54,415.64,5.3,7.44,4.06,7.63,11.16,13.09
69,322.63,489.6,214.88,352.41,552.38,410.3,5.03,6.52,3.65,7.36,9.96,12.76
70,319.72,484.8,212.31,349.13,546.43,406.61,5.35,6.71,3.88,7.67,11.04,13.01
71,317.51,481.3,210.6,345.94,541.61,403.89,5.81,7.3,4.39,7.08,11.51,13.27
72,314.66,477.17,208.43,342.71,535.54,399.7,5.39,7.09,4.34,6.26,10.41,11.72
73,312.31,473.5,206.57,339.97,529.59,395.29,4.8,6.38,4.03,6.1,10.03,11.47
74,310.04,469.41,204.23,336.52,524.49,392.07,4.46,5.49,3.89,5.41,8.7,10.8
75,307.32,465.03,201.53,333.44,518.19,388.59,5.04,6.0,3.96,6.23,10.02,11.41
76,304.59,460.82,199.48,330.43,512.39,384.63,5.22,5.93,3.96,6.6,10.95,12.3
77,301.65,456.43,196.99,326.96,506.31,380.82,4.85,5.2,3.55,5.97,10.15,11.64
78,299.42,452.98,195.24,323.68,500.73,377.61,5.61,6.06,4.33,6.83,11.69,12.55
79,297.2,449.84,193.44,320.87,495.92,374.58,5.67,6.44,4.33,7.35,12.4,12.98
80,294.07,445.33,191.18,317.41,489.9,370.79,5.77,6.5,4.2,7.3,11.37,12.29
