100.0,1000.0,1000.0,1000.0,1000.0,1000.0,5.0,0.2,0.2,0.2,0.2,0.2,1.0,1.0,1.0,0.0
98.48,997.21,996.03,997.28,995.81,997.1,5.0,0.2,0.2,0.2,0.2,0.2,1.0,1.0,1.0,0.0
97.84,996.12,994.37,994.54,993.63,994.27,5.0,0.2,0.2,0.2,0.2,0.2,1.0,1.0,1.0,0.0
96.79,994.32,992.06,993.04,991.15,993.02,5.0,0.2,0.2,0.2,0.2,0.2,1.0,1.0,1.0,0.0
95.91,992.67,990.33,990.14,988.7,991.37,5.0,0.2,0.2,0.2,0.2,0.2,1.0,1.0,1.0,0.0
94.71,990.65,987.73,988.84,986.23,990.09,5.0,0.2,0.2,0.2,0.2,0.2,1.0,1.0,1.0,0.0
94.16,989.8,986.87,986.54,984.26,988.45,5.0,0.2,0.2,0.2,0.2,0.2,1.0,1.0,1.0,0.0
93.22,988.07,984.61,985.06,981.99,986.82,5.0,0.2,0.2,0.2,0.2,0.2,1.0,1.0,1.0,0.0
92.52,986.73,982.31,981.83,979.9,983.94,5.0,0.2,0.2,0.2,0.2,0.2,1.0,1.0,1.0,0.0
90.1,982.53,979.31,979.26,976.57,981.12,5.0,0.2,0.2,0.2,0.2,0.2,1.0,1.0,1.0,0.0
89.27,981.09,977.6,977.73,974.4,979.65,5.0,0.2,0.2,0.2,0.2,0.2,1.0,1.0,1.0,0.0
87.83,978.67,974.66,976.03,971.7,978.25,5.0,0.2,0.2,0.2,0.2,0.2,1.0,1.0,1.0,0.0
87.33,977.71,973.73,974.33,969.76,976.91,5.0,0.2,0.2,0.2,0.2,0.2,1.0,1.0,1.0,0.0
85.97,975.37,970.56,972.67,966.9,975.57,5.0,0.2,0.2,0.2,0.2,0.2,1.0,1.0,1.0,0.0
85.35,974.29,968.93,971.26,964.94,974.04,5.0,0.2,0.2,0.2,0.2,0.2,1.0,1.0,1.0,0.0
84.72,973.57,968.12,970.98,964.49,971.75,5.0,0.2,0.2,0.2,0.2,0.2,1.0,1.0,1.0,0.0
83.91,972.28,966.06,969.69,962.06,970.44,5.0,0.2,0.2,0.2,0.2,0.2,1.0,1.0,1.0,0.0
83.63,971.8,965.83,969.42,962.04,970.41,5.0,0.2,0.2,0.2,0.2,0.2,1.0,1.0,1.0,0.0
82.86,970.9,964.23,967.85,959.73,969.01,5.0,0.2,0.2,0.2,0.2,0.2,1.0,1.0,1.0,0.0
82.5,969.87,963.21,967.73,959.6,968.95,5.0,0.2,0.2,0.2,0.2,0.2,1.0,1.0,1.0,0.0
81.52,968.14,960.78,966.46,957.21,965.42,5.0,0.2,0.2,0.2,0.2,0.2,1.0,1.0,1.0,0.0
80.34,966.04,958.26,964.63,954.7,963.96,5.0,0.2,0.2,0.2,0.2,0.2,1.0,1.0,1.0,0.0
79.65,964.86,956.43,963.44,952.71,962.53,5.0,0.2,0.2,0.2,0.2,0.2,1.0,1.0,1.0,0.0
78.72,963.12,954.1,961.93,950.59,961.21,5.0,0.2,0.2,0.2,0.2,0.2,1.0,1.0,1.0,0.0
77.88,961.66,952.09,960.73,948.16,959.94,5.0,0.2,0.2,0.2,0.2,0.2,1.0,1.0,1.0,0.0
76.63,959.12,950.83,959.49,947.09,958.85,5.0,0.2,0.2,0.2,0.2,0.2,1.0,1.0,1.0,0.0
75.69,957.66,949.13,957.97,944.65,957.55,5.0,0.2,0.2,0.2,0.2,0.2,1.0,1.0,1.0,0.0
74.3,955.44,946.27,956.31,941.79,956.28,5.0,0.2,0.2,0.2,0.2,0.2,1.0,1.0,1.0,0.0
73.64,954.72,945.56,954.54,939.72,954.91,5.0,0.2,0.2,0.2,0.2,0.2,1.0,1.0,1.0,0.0
72.63,953.46,944.1,952.84,937.2,951.54,5.0,0.2,0.2,0.2,0.2,0.2,1.0,1.0,1.0,0.0
72.14,952.46,942.93,950.47,935.12,950.04,5.0,0.2,0.2,0.2,0.2,0.2,1.0,1.0,1.0,0.0
70.81,950.18,940.38,948.91,932.51,948.75,5.0,0.2,0.2,0.2,0.2,0.2,1.0,1.0,1.0,0.0
70.12,949.08,938.93,947.4,930.4,947.33,5.0,0.2,0.2,0.2,0.2,0.2,1.0,1.0,1.0,0.0
69.21,947.27,936.85,945.94,927.91,945.86,5.0,0.2,0.2,0.2,0.2,0.2,1.0,1.0,1.0,0.0
68.39,946.03,935.29,944.34,925.65,944.3,5.0,0.2,0.2,0.2,0.2,0.2,1.0,1.0,1.0,0.0
67.38,944.36,932.92,942.89,923.39,942.65,5.0,0.2,0.2,0.2,0.2,0.2,1.0,1.0,1.0,0.0
66.65,943.12,931.17,941.56,921.41,941.39,5.0,0.2,0.2,0.2,0.2,0.2,1.0,1.0,1.0,0.0
66.4,942.8,930.76,941.48,921.12,941.37,5.0,0.2,0.2,0.2,0.2,0.2,1.0,1.0,1.0,0.0
65.59,941.72,929.47,938.83,919.02,940.15,5.0,0.2,0.2,0.2,0.2,0.2,1.0,1.0,1.0,0.0
64.41,939.8,927.07,937.07,916.26,938.47,5.0,0.2,0.2,0.2,0.2,0.2,1.0,1.0,1.0,0.0
63.66,938.71,925.67,935.64,914.04,936.95,5.0,0.2,0.2,0.2,0.2,0.2,1.0,1.0,1.0,0.0
62.34,936.64,922.48,934.26,911.49,935.66,5.0,0.2,0.2,0.2,0.2,0.2,1.0,1.0,1.0,0.0
61.67,935.55,920.85,932.92,909.47,934.31,5.0,0.2,0.2,0.2,0.2,0.2,1.0,1.0,1.0,0.0
60.91,933.9,919.32,932.51,908.43,934.19,5.0,0.2,0.2,0.2,0.2,0.2,1.0,1.0,1.0,0.0
60.25,932.77,917.66,931.1,906.16,932.62,5.0,0.2,0.2,0.2,0.2,0.2,1.0,1.0,1.0,0.0
59.32,931.01,915.25,929.66,904.0,931.14,5.0,0.2,0.2,0.2,0.2,0.2,1.0,1.0,1.0,0.0
58.35,929.52,913.15,928.19,901.45,929.8,5.0,0.2,0.2,0.2,0.2,0.2,1.0,1.0,1.0,0.0
57.5,928.06,911.07,926.76,899.19,928.36,5.0,0.2,0.2,0.2,0.2,0.2,1.0,1.0,1.0,0.0
56.89,926.94,909.59,925.14,897.25,926.95,5.0,0.2,0.2,0.2,0.2,0.2,1.0,1.0,1.0,0.0
56.35,926.59,909.11,925.08,896.45,924.62,5.0,0.2,0.2,0.2,0.2,0.2,1.0,1.0,1.0,0.0
55.41,925.07,906.98,923.59,893.84,923.13,5.0,0.2,0.2,0.2,0.2,0.2,1.0,1.0,1.0,0.0
54.02,922.66,904.12,921.88,891.26,921.73,5.0,0.2,0.2,0.2,0.2,0.2,1.0,1.0,1.0,0.0
53.26,921.23,902.39,918.96,889.14,920.31,5.0,0.2,0.2,0.2,0.2,0.2,1.0,1.0,1.0,0.0
52.29,919.88,900.87,917.17,886.88,916.99,5.0,0.2,0.2,0.2,0.2,0.2,1.0,1.0,1.0,0.0
51.51,918.6,899.4,915.33,884.78,915.44,5.0,0.2,0.2,0.2,0.2,0.2,1.0,1.0,1.0,0.0
50.53,916.8,897.37,913.73,882.41,914.07,5.0,0.2,0.2,0.2,0.2,0.2,1.0,1.0,1.0,0.0
49.67,914.89,897.16,912.97,881.59,913.8,5.0,0.2,0.2,0.2,0.2,0.2,1.0,1.0,1.0,0.0
48.61,913.08,894.68,911.31,878.97,912.36,5.0,0.2,0.2,0.2,0.2,0.2,1.0,1.0,1.0,0.0
48.06,911.6,892.6,909.79,876.99,909.75,5.0,0.2,0.2,0.2,0.2,0.2,1.0,1.0,1.0,0.0
47.12,909.91,890.56,908.38,874.65,908.09,5.0,0.2,0.2,0.2,0.2,0.2,1.0,1.0,1.0,0.0
46.39,908.55,888.97,906.89,872.56,906.68,5.0,0.2,0.2,0.2,0.2,0.2,1.0,1.0,1.0,0.0
46.24,908.0,888.32,906.78,872.34,906.61,5.0,0.2,0.2,0.2,0.2,0.2,1.0,1.0,1.0,0.0
45.56,906.81,886.98,904.02,870.33,905.29,5.0,0.2,0.2,0.2,0.2,0.2,1.0,1.0,1.0,0.0
44.66,905.81,886.06,901.85,867.89,902.1,5.0,0.2,0.2,0.2,0.2,0.2,1.0,1.0,1.0,0.0
43.95,904.63,884.38,900.33,865.66,900.47,5.0,0.2,0.2,0.2,0.2,0.2,1.0,1.0,1.0,0.0
43.12,903.27,882.32,898.88,863.43,898.71,5.0,0.2,0.2,0.2,0.2,0.2,1.0,1.0,1.0,0.0
42.41,902.19,881.11,897.07,861.14,897.3,5.0,0.2,0.2,0.2,0.2,0.2,1.0,1.0,1.0,0.0
39.91,898.0,875.67,893.91,855.69,894.85,5.0,0.2,0.2,0.2,0.2,0.2,1.0,1.0,1.0,0.0
39.26,896.5,874.16,892.41,853.53,892.24,5.0,0.2,0.2,0.2,0.2,0.2,1.0,1.0,1.0,0.0
38.38,894.76,871.91,890.99,851.23,890.84,5.0,0.2,0.2,0.2,0.2,0.2,1.0,1.0,1.0,0.0
37.59,893.73,870.78,889.18,849.02,889.43,5.0,0.2,0.2,0.2,0.2,0.2,1.0,1.0,1.0,0.0
36.61,892.11,868.52,887.55,846.59,887.98,5.0,0.2,0.2,0.2,0.2,0.2,1.0,1.0,1.0,0.0
35.97,890.94,866.95,886.05,844.59,885.35,5.0,0.2,0.2,0.2,0.2,0.2,1.0,1.0,1.0,0.0
35.15,889.45,864.87,882.78,842.2,883.82,5.0,0.2,0.2,0.2,0.2,0.2,1.0,1.0,1.0,0.0
34.63,888.58,863.67,881.26,840.26,882.41,5.0,0.2,0.2,0.2,0.2,0.2,1.0,1.0,1.0,0.0
33.33,886.47,861.12,879.55,837.82,881.07,5.0,0.2,0.2,0.2,0.2,0.2,1.0,1.0,1.0,0.0
32.7,885.29,859.78,878.1,835.76,879.71,5.0,0.2,0.2,0.2,0.2,0.2,1.0,1.0,1.0,0.0
31.92,884.03,858.2,877.9,835.02,879.68,5.0,0.2,0.2,0.2,0.2,0.2,1.0,1.0,1.0,0.0
31.33,883.13,856.98,876.44,832.99,878.29,5.0,0.2,0.2,0.2,0.2,0.2,1.0,1.0,1.0,0.0
30.48,881.38,854.98,874.9,830.71,876.91,5.0,0.2,0.2,0.2,0.2,0.2,1.0,1.0,1.0,0.0
29.4,879.92,853.14,873.24,828.41,875.59,5.0,0.2,0.2,0.2,0.2,0.2,1.0,1.0,1.0,0.0
28.55,878.54,851.02,871.89,826.23,874.04,5.0,0.2,0.2,0.2,0.2,0.2,1.0,1.0,1.0,0.0
27.84,877.64,850.44,869.66,824.09,872.6,5.0,0.2,0.2,0.2,0.2,0.2,1.0,1.0,1.0,0.0
26.9,876.25,849.05,867.72,821.67,869.48,5.0,0.2,0.2,0.2,0.2,0.2,1.0,1.0,1.0,0.0
26.15,875.17,847.83,865.95,819.52,867.82,5.0,0.2,0.2,0.2,0.2,0.2,1.0,1.0,1.0,0.0
25.22,873.35,845.76,864.34,817.17,866.57,5.0,0.2,0.2,0.2,0.2,0.2,1.0,1.0,1.0,0.0
24.62,872.38,844.43,862.69,815.08,865.18,5.0,0.2,0.2,0.2,0.2,0.2,1.0,1.0,1.0,0.0
24.03,871.39,843.21,862.67,814.44,865.08,5.0,0.2,0.2,0.2,0.2,0.2,1.0,1.0,1.0,0.0
23.23,870.06,841.07,861.33,812.12,863.73,5.0,0.2,0.2,0.2,0.2,0.2,1.0,1.0,1.0,0.0
22.41,869.11,840.19,859.45,809.84,860.86,5.0,0.2,0.2,0.2,0.2,0.2,1.0,1.0,1.0,0.0
21.8,867.93,838.69,857.82,807.7,859.4,5.0,0.2,0.2,0.2,0.2,0.2,1.0,1.0,1.0,0.0
19.87,864.92,834.63,853.2,802.93,856.97,5.0,0.2,0.2,0.2,0.2,0.2,1.0,1.0,1.0,0.0
19.2,863.78,833.08,851.85,801.0,854.28,5.0,0.2,0.2,0.2,0.2,0.2,1.0,1.0,1.0,0.0
18.82,863.38,832.97,851.2,800.63,853.59,5.0,0.2,0.2,0.2,0.2,0.2,1.0,1.0,1.0,0.0
17.86,862.06,831.41,849.62,798.32,852.5,5.0,0.2,0.2,0.2,0.2,0.2,1.0,1.0,1.0,0.0
16.86,860.13,829.04,848.18,795.86,850.98,5.0,0.2,0.2,0.2,0.2,0.2,1.0,1.0,1.0,0.0
15.99,858.73,827.1,846.73,793.62,849.65,5.0,0.2,0.2,0.2,0.2,0.2,1.0,1.0,1.0,0.0
14.34,855.17,826.84,844.77,792.15,846.54,5.0,0.2,0.2,0.2,0.2,0.2,1.0,1.0,1.0,0.0
13.71,854.21,825.2,842.13,790.17,843.86,5.0,0.2,0.2,0.2,0.2,0.2,1.0,1.0,1.0,0.0
12.86,852.74,823.47,840.6,787.68,842.61,5.0,0.2,0.2,0.2,0.2,0.2,1.0,1.0,1.0,0.0
12.18,851.97,822.41,838.99,785.52,841.15,5.0,0.2,0.2,0.2,0.2,0.2,1.0,1.0,1.0,0.0
11.25,850.41,820.33,837.46,783.22,839.64,5.0,0.2,0.2,0.2,0.2,0.2,1.0,1.0,1.0,0.0
10.51,849.18,818.83,835.9,780.93,838.12,5.0,0.2,0.2,0.2,0.2,0.2,1.0,1.0,1.0,0.0
9.9,848.15,817.27,835.79,780.41,838.1,5.0,0.2,0.2,0.2,0.2,0.2,1.0,1.0,1.0,0.0
8.88,846.44,815.47,833.82,778.04,836.66,5.0,0.2,0.2,0.2,0.2,0.2,1.0,1.0,1.0,0.0
