500.0,800.0,400.0,600.0,1000.0,700.0,1.55,0.28,2.78,0.8,0.13,0.46,1.0,1.0,1.0,0.0
498.38,798.83,397.86,598.98,998.38,698.94,1.55,0.28,2.79,0.8,0.13,0.46,1.0,1.0,1.0,0.0
497.2,797.89,396.59,597.7,996.81,697.59,1.55,0.28,2.79,0.8,0.13,0.46,1.0,1.0,1.0,0.0
496.69,797.27,395.72,596.31,996.28,696.08,1.54,0.28,2.79,0.8,0.13,0.46,1.0,1.0,1.0,0.0
495.58,796.19,394.12,594.96,994.2,695.02,1.54,0.28,2.8,0.8,0.13,0.46,1.0,1.0,1.0,0.0
494.47,794.73,392.07,593.88,991.89,693.92,1.54,0.28,2.81,0.8,0.13,0.45,1.0,1.0,1.0,0.0
493.36,793.72,390.55,592.4,990.04,692.68,1.54,0.28,2.81,0.8,0.13,0.45,1.0,1.0,1.0,0.0
492.66,793.33,390.1,592.13,989.97,690.48,1.54,0.28,2.81,0.79,0.12,0.46,1.0,1.0,1.0,0.0
491.5,792.29,388.22,590.96,988.11,689.6,1.54,0.28,2.82,0.79,0.12,0.45,1.0,1.0,1.0,0.0
489.82,790.89,385.54,589.67,986.46,688.49,1.53,0.27,2.83,0.79,0.12,0.45,1.0,1.0,1.0,0.0
488.69,789.99,384.4,588.4,984.7,687.35,1.53,0.27,2.84,0.79,0.12,0.45,1.0,1.0,1.0,0.0
487.09,788.44,382.06,587.08,983.06,686.05,1.53,0.27,2.85,0.78,0.12,0.45,1.0,1.0,1.0,0.0
486.1,787.42,380.93,585.71,981.35,684.41,1.53,0.27,2.85,0.78,0.12,0.45,1.0,1.0,1.0,0.0
485.06,787.0,380.49,585.39,981.17,683.45,1.54,0.27,2.85,0.78,0.12,0.45,1.0,1.0,1.0,0.0
483.94,786.15,379.18,584.36,979.08,682.27,1.54,0.27,2.85,0.78,0.12,0.45,1.0,1.0,1.0,0.0
482.48,785.1,377.36,583.4,977.43,681.31,1.54,0.27,2.86,0.78,0.12,0.44,1.0,1.0,1.0,0.0
480.93,784.09,376.03,582.25,975.81,680.18,1.54,0.26,2.86,0.77,0.12,0.44,1.0,1.0,1.0,0.0
479.46,782.9,374.21,580.93,973.41,677.41,1.54,0.26,2.87,0.77,0.12,0.44,1.0,1.0,1.0,0.0
478.22,781.69,372.34,578.29,971.56,675.84,1.53,0.26,2.87,0.77,0.12,0.44,1.0,1.0,1.0,0.0
476.71,780.41,370.02,577.32,969.58,674.82,1.53,0.26,2.89,0.77,0.12,0.44,1.0,1.0,1.0,0.0
475.59,779.05,368.2,576.09,967.9,673.8,1.53,0.26,2.89,0.77,0.12,0.44,1.0,1.0,1.0,0.0
473.39,777.68,365.58,574.66,966.27,672.28,1.53,0.26,2.9,0.76,0.12,0.43,1.0,1.0,1.0,0.0
472.29,776.43,364.2,573.25,964.67,670.88,1.53,0.26,2.91,0.76,0.12,0.43,1.0,1.0,1.0,0.0
471.76,775.83,363.19,571.73,964.31,670.81,1.52,0.25,2.91,0.76,0.12,0.43,1.0,1.0,1.0,0.0
470.69,775.02,362.34,570.32,962.58,669.8,1.52,0.25,2.91,0.76,0.12,0.43,1.0,1.0,1.0,0.0
469.15,773.58,359.83,569.23,960.98,668.82,1.52,0.25,2.93,0.76,0.12,0.42,1.0,1.0,1.0,0.0
468.16,772.8,358.97,567.63,959.42,667.83,1.52,0.25,2.93,0.76,0.12,0.42,1.0,1.0,1.0,0.0
466.83,771.62,356.63,566.47,957.39,666.31,1.52,0.25,2.94,0.76,0.12,0.42,1.0,1.0,1.0,0.0
465.33,770.56,355.02,565.38,955.36,665.11,1.52,0.25,2.95,0.75,0.12,0.42,1.0,1.0,1.0,0.0
463.32,769.27,353.09,563.9,953.47,662.05,1.52,0.24,2.95,0.75,0.12,0.42,1.0,1.0,1.0,0.0
462.11,767.9,350.97,562.77,951.77,660.56,1.51,0.24,2.96,0.74,0.12,0.42,1.0,1.0,1.0,0.0
460.89,766.65,348.73,561.73,949.96,659.62,1.51,0.24,2.97,0.74,0.12,0.42,1.0,1.0,1.0,0.0
459.89,765.87,348.12,560.31,948.27,658.44,1.51,0.24,2.97,0.74,0.12,0.41,1.0,1.0,1.0,0.0
458.75,764.33,345.85,559.1,946.36,657.4,1.5,0.24,2.99,0.74,0.12,0.41,1.0,1.0,1.0,0.0
457.82,763.44,344.41,557.85,944.68,655.91,1.5,0.24,2.99,0.74,0.12,0.41,1.0,1.0,1.0,0.0
456.81,762.33,343.23,556.06,944.49,655.91,1.5,0.24,3.0,0.74,0.12,0.41,1.0,1.0,1.0,0.0
455.65,761.25,341.18,555.26,942.82,654.63,1.5,0.24,3.01,0.73,0.12,0.41,1.0,1.0,1.0,0.0
454.34,760.08,339.17,552.75,940.5,653.43,1.49,0.23,3.02,0.74,0.12,0.4,1.0,1.0,1.0,0.0
452.67,758.8,337.41,551.25,938.47,652.23,1.49,0.23,3.02,0.73,0.12,0.4,1.0,1.0,1.0,0.0
451.41,757.57,335.31,550.18,936.79,650.97,1.49,0.23,3.04,0.73,0.12,0.4,1.0,1.0,1.0,0.0
450.3,756.57,333.67,548.95,934.72,649.73,1.48,0.23,3.04,0.73,0.12,0.4,1.0,1.0,1.0,0.0
447.75,754.07,330.31,545.98,930.57,646.12,1.48,0.23,3.06,0.72,0.12,0.39,1.0,1.0,1.0,0.0
446.6,753.01,328.98,544.88,928.7,644.98,1.48,0.22,3.06,0.72,0.12,0.39,1.0,1.0,1.0,0.0
445.03,751.74,326.19,541.49,926.94,643.64,1.47,0.22,3.08,0.72,0.12,0.39,1.0,1.0,1.0,0.0
443.62,750.43,324.37,540.46,925.38,642.55,1.46,0.22,3.09,0.72,0.12,0.39,1.0,1.0,1.0,0.0
442.45,749.22,322.29,539.15,923.41,641.62,1.46,0.22,3.1,0.72,0.12,0.38,1.0,1.0,1.0,0.0
441.37,748.03,321.19,537.78,921.82,640.17,1.46,0.22,3.1,0.72,0.12,0.38,1.0,1.0,1.0,0.0
440.04,746.88,318.95,536.58,920.03,639.13,1.45,0.22,3.12,0.71,0.12,0.38,1.0,1.0,1.0,0.0
439.0,746.11,317.54,535.52,918.44,638.3,1.45,0.21,3.13,0.71,0.13,0.38,1.0,1.0,1.0,0.0
438.62,745.73,317.43,535.01,918.39,636.21,1.45,0.21,3.12,0.71,0.12,0.38,1.0,1.0,1.0,0.0
437.39,744.64,316.23,533.26,916.83,635.18,1.45,0.21,3.13,0.71,0.13,0.38,1.0,1.0,1.0,0.0
435.65,743.09,314.13,532.25,915.23,634.12,1.45,0.21,3.14,0.7,0.13,0.37,1.0,1.0,1.0,0.0
434.7,742.19,312.68,530.98,913.66,633.02,1.44,0.21,3.15,0.7,0.13,0.37,1.0,1.0,1.0,0.0
433.99,741.23,312.01,530.42,913.05,631.3,1.44,0.21,3.15,0.7,0.13,0.37,1.0,1.0,1.0,0.0
432.92,740.24,311.05,528.95,911.3,629.77,1.44,0.21,3.15,0.7,0.13,0.37,1.0,1.0,1.0,0.0
431.77,739.01,308.87,528.02,909.3,628.81,1.43,0.21,3.17,0.7,0.13,0.37,1.0,1.0,1.0,0.0
430.46,737.79,307.61,525.98,907.69,627.47,1.43,0.21,3.17,0.7,0.13,0.37,1.0,1.0,1.0,0.0
429.25,736.59,305.37,524.54,906.09,626.21,1.43,0.2,3.18,0.69,0.13,0.37,1.0,1.0,1.0,0.0
427.99,735.06,304.5,522.96,904.4,624.79,1.43,0.2,3.18,0.69,0.13,0.37,1.0,1.0,1.0,0.0
427.5,734.81,303.01,522.69,904.21,623.16,1.42,0.2,3.2,0.69,0.13,0.37,1.0,1.0,1.0,0.0
426.07,733.74,301.32,521.39,902.17,622.16,1.42,0.2,3.21,0.69,0.13,0.36,1.0,1.0,1.0,0.0
423.16,729.53,298.18,518.41,900.0,619.75,1.41,0.2,3.22,0.68,0.13,0.36,1.0,1.0,1.0,0.0
421.11,726.85,296.08,516.86,898.06,618.3,1.41,0.2,3.23,0.68,0.13,0.35,1.0,1.0,1.0,0.0
419.63,725.15,294.63,514.92,896.08,615.6,1.41,0.2,3.23,0.67,0.13,0.35,1.0,1.0,1.0,0.0
418.21,724.13,293.07,513.73,894.22,614.2,1.41,0.2,3.24,0.67,0.13,0.35,1.0,1.0,1.0,0.0
417.06,723.02,291.33,512.47,892.15,613.14,1.4,0.19,3.25,0.67,0.13,0.35,1.0,1.0,1.0,0.0
415.95,721.95,289.59,511.28,890.54,611.86,1.4,0.19,3.27,0.66,0.13,0.35,1.0,1.0,1.0,0.0
414.03,720.33,287.14,510.16,888.93,610.86,1.39,0.19,3.28,0.66,0.13,0.34,1.0,1.0,1.0,0.0
412.59,719.26,285.18,508.92,887.13,609.71,1.39,0.19,3.3,0.65,0.13,0.34,1.0,1.0,1.0,0.0
411.19,717.91,282.86,507.7,885.16,608.63,1.38,0.19,3.31,0.65,0.13,0.34,1.0,1.0,1.0,0.0
409.59,716.99,281.46,506.54,883.32,607.68,1.38,0.18,3.32,0.64,0.13,0.33,1.0,1.0,1.0,0.0
407.95,715.73,279.12,505.65,881.62,606.82,1.38,0.18,3.34,0.64,0.13,0.33,1.0,1.0,1.0,0.0
406.49,714.57,278.23,504.28,879.97,605.42,1.38,0.18,3.34,0.64,0.13,0.33,1.0,1.0,1.0,0.0
404.85,713.41,276.07,503.16,878.17,604.36,1.38,0.18,3.36,0.63,0.13,0.33,1.0,1.0,1.0,0.0
403.07,712.27,274.64,502.01,876.41,603.3,1.38,0.18,3.36,0.63,0.13,0.32,1.0,1.0,1.0,0.0
402.61,711.79,274.08,501.67,876.07,601.71,1.38,0.18,3.37,0.62,0.13,0.32,1.0,1.0,1.0,0.0
401.34,710.83,272.22,500.62,874.41,600.48,1.37,0.18,3.38,0.62,0.14,0.32,1.0,1.0,1.0,0.0
401.18,710.51,271.92,500.53,874.4,600.4,1.37,0.17,3.38,0.62,0.14,0.32,1.0,1.0,1.0,0.0
400.24,709.79,271.27,498.8,872.8,599.29,1.37,0.17,3.38,0.62,0.14,0.32,1.0,1.0,1.0,0.0
398.6,708.74,268.93,497.88,871.2,598.4,1.36,0.17,3.4,0.61,0.14,0.32,1.0,1.0,1.0,0.0
397.56,707.67,267.27,496.86,869.37,597.21,1.36,0.17,3.41,0.61,0.14,0.31,1.0,1.0,1.0,0.0
396.23,706.53,265.31,495.64,867.52,596.11,1.35,0.17,3.43,0.6,0.14,0.31,1.0,1.0,1.0,0.0
394.99,705.5,263.58,494.46,865.92,595.1,1.34,0.17,3.44,0.6,0.14,0.31,1.0,1.0,1.0,0.0
393.41,704.15,261.26,493.33,864.2,593.78,1.34,0.16,3.46,0.59,0.14,0.3,1.0,1.0,1.0,0.0
392.22,702.77,259.88,492.02,862.45,592.5,1.33,0.16,3.47,0.59,0.14,0.3,1.0,1.0,1.0,0.0
390.69,701.42,257.66,490.87,860.87,591.56,1.33,0.16,3.49,0.58,0.14,0.3,1.0,1.0,1.0,0.0
389.75,700.32,256.57,489.53,858.83,590.14,1.32,0.16,3.5,0.58,0.14,0.3,1.0,1.0,1.0,0.0
388.52,699.15,254.75,488.41,857.03,588.75,1.32,0.16,3.51,0.58,0.14,0.29,1.0,1.0,1.0,0.0
387.11,697.91,253.38,487.16,855.42,587.37,1.31,0.16,3.52,0.57,0.14,0.29,1.0,1.0,1.0,0.0
385.99,696.25,251.31,485.8,853.73,586.35,1.3,0.16,3.54,0.57,0.14,0.29,1.0,1.0,1.0,0.0
384.76,695.05,249.49,483.27,851.88,584.95,1.29,0.15,3.55,0.57,0.14,0.29,1.0,1.0,1.0,0.0
383.2,694.15,247.42,482.41,850.26,583.9,1.29,0.15,3.57,0.56,0.14,0.28,1.0,1.0,1.0,0.0
382.2,693.2,246.57,481.03,848.54,582.5,1.29,0.15,3.58,0.56,0.14,0.28,1.0,1.0,1.0,0.0
380.41,692.04,244.22,479.96,846.92,581.24,1.28,0.15,3.6,0.55,0.14,0.28,1.0,1.0,1.0,0.0
379.23,690.87,242.74,478.68,845.23,580.14,1.27,0.15,3.61,0.55,0.14,0.28,1.0,1.0,1.0,0.0
377.92,689.47,240.81,477.17,843.58,579.0,1.26,0.15,3.63,0.55,0.15,0.27,1.0,1.0,1.0,0.0
376.8,688.4,239.16,475.94,841.78,577.64,1.26,0.15,3.64,0.54,0.15,0.27,1.0,1.0,1.0,0.0
375.44,687.22,236.95,475.11,840.01,576.59,1.25,0.15,3.66,0.53,0.15,0.27,1.0,1.0,1.0,0.0
374.17,686.13,235.8,473.71,838.38,575.02,1.24,0.15,3.67,0.53,0.15,0.26,1.0,1.0,1.0,0.0
372.97,684.92,233.84,472.53,836.51,573.96,1.23,0.15,3.69,0.53,0.15,0.26,1.0,1.0,1.0,0.0
372.06,683.87,232.96,471.18,834.94,572.63,1.23,0.15,3.69,0.53,0.15,0.26,1.0,1.0,1.0,0.0
370.41,682.7,230.65,470.16,832.96,571.48,1.22,0.15,3.71,0.52,0.15,0.26,1.0,1.0,1.0,0.0
369.49,681.62,228.83,469.12,830.75,570.46,1.21,0.15,3.73,0.51,0.15,0.25,1.0,1.0,1.0,0.0
367.82,680.43,227.03,467.57,828.82,567.81,1.2,0.15,3.74,0.51,0.15,0.25,1.0,1.0,1.0,0.0
366.41,679.26,225.32,466.19,826.62,566.61,1.19,0.15,3.76,0.5,0.15,0.25,1.0,1.0,1.0,0.0
365.1,677.76,223.03,465.11,824.86,565.5,1.18,0.15,3.78,0.49,0.15,0.24,1.0,1.0,1.0,0.0
363.77,676.58,221.39,463.92,823.21,564.41,1.17,0.15,3.79,0.49,0.15,0.24,1.0,1.0,1.0,0.0
361.88,675.18,219.01,462.72,821.63,563.29,1.16,0.15,3.82,0.48,0.15,0.24,1.0,1.0,1.0,0.0
360.98,674.29,217.51,461.59,819.89,562.0,1.15,0.15,3.83,0.48,0.15,0.23,1.0,1.0,1.0,0.0
360.58,673.85,217.13,461.24,819.71,560.79,1.15,0.15,3.83,0.47,0.15,0.23,1.0,1.0,1.0,0.0
359.11,672.37,215.58,459.99,818.06,559.53,1.15,0.15,3.84,0.47,0.15,0.23,1.0,1.0,1.0,0.0
357.69,671.11,213.32,458.72,816.47,558.23,1.13,0.15,3.87,0.46,0.15,0.23,1.0,1.0,1.0,0.0
356.29,670.09,211.41,457.81,814.9,557.06,1.12,0.16,3.89,0.46,0.16,0.22,1.0,1.0,1.0,0.0
355.06,668.84,209.56,456.61,813.07,555.99,1.11,0.16,3.91,0.45,0.16,0.22,1.0,1.0,1.0,0.0
353.86,667.91,208.65,455.26,811.44,554.56,1.11,0.16,3.91,0.45,0.16,0.22,1.0,1.0,1.0,0.0
352.52,666.55,206.74,454.01,809.55,553.46,1.1,0.16,3.93,0.44,0.16,0.22,1.0,1.0,1.0,0.0
350.69,665.28,204.55,452.64,807.77,550.89,1.09,0.16,3.95,0.43,0.16,0.21,1.0,1.0,1.0,0.0
348.4,662.4,201.78,451.24,805.83,549.51,1.07,0.16,3.98,0.42,0.16,0.21,1.0,1.0,1.0,0.0
347.0,661.09,199.97,449.52,803.78,547.29,1.06,0.16,3.99,0.42,0.16,0.21,1.0,1.0,1.0,0.0
345.55,660.12,198.21,448.21,801.9,546.17,1.05,0.16,4.01,0.41,0.16,0.2,1.0,1.0,1.0,0.0
344.4,658.49,196.54,446.9,800.08,544.88,1.04,0.16,4.03,0.41,0.16,0.2,1.0,1.0,1.0,0.0
343.56,658.39,195.74,446.15,800.03,543.03,1.04,0.16,4.03,0.41,0.16,0.2,1.0,1.0,1.0,0.0
342.27,657.26,194.78,444.43,798.46,541.7,1.04,0.16,4.04,0.41,0.16,0.2,1.0,1.0,1.0,0.0
341.05,656.06,192.89,443.25,796.85,540.33,1.02,0.16,4.06,0.4,0.16,0.2,1.0,1.0,1.0,0.0
340.05,655.18,191.29,441.97,794.97,538.8,1.01,0.16,4.07,0.39,0.16,0.19,1.0,1.0,1.0,0.0
338.77,653.71,189.11,440.98,793.03,537.84,1.0,0.16,4.1,0.39,0.16,0.19,1.0,1.0,1.0,0.0
337.33,652.61,187.57,439.8,790.81,536.8,0.99,0.16,4.12,0.38,0.16,0.19,1.0,1.0,1.0,0.0
337.26,652.36,186.92,439.33,790.78,536.53,0.98,0.16,4.12,0.38,0.16,0.18,1.0,1.0,1.0,0.0
335.66,650.72,184.41,438.1,788.94,534.05,0.96,0.17,4.15,0.37,0.17,0.18,1.0,1.0,1.0,0.0
334.03,649.48,182.42,436.65,786.62,531.1,0.95,0.17,4.17,0.36,0.17,0.18,1.0,1.0,1.0,0.0
332.86,648.51,180.58,435.82,784.89,530.36,0.94,0.17,4.2,0.36,0.17,0.18,1.0,1.0,1.0,0.0
331.06,647.18,178.35,434.2,783.17,529.1,0.92,0.17,4.22,0.35,0.17,0.17,1.0,1.0,1.0,0.0
329.57,646.12,176.62,433.06,781.6,527.9,0.91,0.17,4.24,0.34,0.17,0.17,1.0,1.0,1.0,0.0
328.33,644.9,175.16,431.53,779.7,525.51,0.9,0.17,4.25,0.34,0.17,0.17,1.0,1.0,1.0,0.0
327.39,643.93,174.18,430.2,778.04,524.12,0.9,0.17,4.26,0.34,0.17,0.17,1.0,1.0,1.0,0.0
325.71,642.54,172.38,429.94,777.47,523.86,0.89,0.17,4.27,0.33,0.17,0.17,1.0,1.0,1.0,0.0
324.82,641.43,171.17,428.73,775.6,522.69,0.88,0.17,4.28,0.32,0.17,0.17,1.0,1.0,1.0,0.0
323.29,639.99,169.68,427.07,773.75,519.95,0.87,0.17,4.3,0.32,0.17,0.17,1.0,1.0,1.0,0.0
322.46,639.2,168.49,425.89,771.67,518.28,0.86,0.17,4.31,0.32,0.17,0.17,1.0,1.0,1.0,0.0
320.87,637.92,166.5,424.44,770.01,517.11,0.85,0.17,4.33,0.31,0.17,0.17,1.0,1.0,1.0,0.0
319.42,636.39,164.61,421.57,767.79,515.74,0.83,0.17,4.34,0.31,0.17,0.17,1.0,1.0,1.0,0.0
318.16,634.92,162.33,420.35,765.43,514.51,0.81,0.17,4.37,0.3,0.17,0.17,1.0,1.0,1.0,0.0
317.13,633.8,160.55,418.89,763.87,513.42,0.79,0.18,4.39,0.29,0.18,0.18,1.0,1.0,1.0,0.0
315.52,632.47,158.95,417.55,762.11,510.4,0.78,0.18,4.4,0.29,0.18,0.18,1.0,1.0,1.0,0.0
314.57,631.67,157.93,416.29,760.12,509.22,0.78,0.18,4.41,0.28,0.18,0.18,1.0,1.0,1.0,0.0
313.11,630.32,155.99,415.31,758.5,508.15,0.76,0.18,4.43,0.28,0.18,0.18,1.0,1.0,1.0,0.0
311.49,629.25,154.23,414.15,756.77,506.96,0.75,0.18,4.45,0.27,0.18,0.18,1.0,1.0,1.0,0.0
310.46,628.18,151.97,413.13,754.74,505.85,0.73,0.18,4.47,0.26,0.18,0.18,1.0,1.0,1.0,0.0
309.49,627.1,150.69,411.98,753.03,504.73,0.72,0.18,4.49,0.26,0.18,0.18,1.0,1.0,1.0,0.0
308.01,625.68,148.3,411.03,751.38,503.79,0.7,0.18,4.51,0.25,0.18,0.18,1.0,1.0,1.0,0.0
306.74,624.64,146.65,409.99,749.57,502.59,0.68,0.18,4.53,0.24,0.18,0.18,1.0,1.0,1.0,0.0
304.99,623.37,144.56,408.99,747.74,501.4,0.67,0.18,4.55,0.23,0.18,0.18,1.0,1.0,1.0,0.0
303.65,622.15,143.23,407.27,745.79,500.25,0.66,0.18,4.56,0.23,0.18,0.18,1.0,1.0,1.0,0.0
301.98,620.35,140.53,406.16,744.1,498.98,0.64,0.18,4.59,0.22,0.18,0.18,1.0,1.0,1.0,0.0
301.02,619.47,139.01,405.25,742.45,498.08,0.62,0.18,4.61,0.21,0.18,0.18,1.0,1.0,1.0,0.0
300.44,618.91,138.11,404.95,742.43,497.47,0.62,0.18,4.62,0.21,0.18,0.18,1.0,1.0,1.0,0.0
299.29,617.92,136.79,403.49,740.7,495.57,0.61,0.19,4.63,0.21,0.19,0.19,1.0,1.0,1.0,0.0
297.52,616.5,134.43,402.4,738.96,494.43,0.59,0.19,4.66,0.2,0.19,0.19,1.0,1.0,1.0,0.0
296.17,615.29,132.78,400.83,737.16,493.39,0.57,0.19,4.67,0.19,0.19,0.19,1.0,1.0,1.0,0.0
294.69,613.95,130.16,399.91,735.18,492.35,0.55,0.19,4.7,0.19,0.19,0.19,1.0,1.0,1.0,0.0
293.56,612.63,128.3,398.67,733.48,491.13,0.53,0.19,4.71,0.19,0.19,0.19,1.0,1.0,1.0,0.0
