task,phase,v0,v1,v2,v3,v4,v5,v6
1,pickup,0.04,0.01,0.0,0.02,0.01,0.0,0.0
1,place,0.03,0.0,0.0,0.02,0.0,0.0,0.0
2,pickup,0.05,0.01,0.0,0.02,0.01,0.0,0.0
2,place,0.03,0.01,0.0,0.01,0.0,0.0,0.0
3,pickup,0.04,0.01,0.0,0.02,0.0,0.0,0.0
3,place,0.03,0.0,0.0,0.01,0.0,0.0,0.0
4,pickup,0.04,0.01,0.0,0.02,0.0,0.0,0.0
4,place,0.03,0.01,0.0,0.01,0.0,0.0,0.0
5,pickup,0.04,0.01,0.0,0.02,0.0,0.0,0.0
5,place,0.03,0.01,0.0,0.01,0.0,0.0,0.0
6,pickup,0.04,0.01,0.0,0.02,0.0,0.0,0.0
6,place,0.04,0.0,0.0,0.01,0.0,0.0,0.01
7,pickup,0.04,0.01,0.0,0.02,0.0,0.0,0.0
7,place,0.04,0.01,0.0,0.01,0.01,0.0,0.0
8,pickup,0.04,0.01,0.0,0.02,0.01,0.0,0.0
8,place,0.02,0.0,0.0,0.01,0.0,0.0,0.0
9,pickup,0.05,0.01,0.0,0.02,0.01,0.0,0.0
9,place,0.04,0.01,0.0,0.01,0.01,0.0,0.0
10,pickup,0.05,0.01,0.0,0.02,0.01,0.0,0.0
10,place,0.03,0.01,0.0,0.01,0.01,0.0,0.0
11,pickup,0.04,0.01,0.0,0.02,0.01,0.0,0.0
11,place,0.02,0.0,0.0,0.0,0.01,0.0,0.0
12,pickup,0.04,0.01,0.0,0.02,0.01,0.0,0.0
12,place,0.03,0.01,0.0,0.01,0.0,0.0,0.0
13,pickup,0.04,0.01,0.0,0.02,0.0,0.0,0.0
13,place,0.04,0.0,0.0,0.02,0.0,0.0,0.01
14,pickup,0.05,0.01,0.0,0.03,0.0,0.0,0.0
14,place,0.04,0.01,0.0,0.02,0.01,0.0,0.0
15,pickup,0.06,0.01,0.01,0.02,0.01,0.0,0.01
15,place,0.04,0.01,0.0,0.02,0.01,0.0,0.0
16,pickup,0.05,0.01,0.0,0.02,0.01,0.0,0.0
16,place,0.03,0.0,0.0,0.02,0.0,0.0,0.0
17,pickup,0.05,0.01,0.0,0.02,0.01,0.0,0.0
17,place,0.04,0.01,0.0,0.01,0.01,0.0,0.0
18,pickup,0.04,0.01,0.0,0.02,0.01,0.0,0.0
18,place,0.03,0.01,0.0,0.01,0.0,0.0,0.0
19,pickup,0.03,0.01,0.0,0.01,0.0,0.0,0.01
19,place,0.03,0.01,0.0,0.01,0.01,0.0,0.0
20,pickup,0.06,0.01,0.01,0.02,0.01,0.0,0.01
20,place,0.04,0.01,0.0,0.01,0.01,0.0,0.0
21,pickup,0.05,0.01,0.0,0.03,0.01,0.0,0.0
21,place,0.03,0.01,0.0,0.01,0.01,0.0,0.0
22,pickup,0.05,0.01,0.0,0.02,0.01,0.0,0.0
22,place,0.04,0.01,0.0,0.02,0.01,0.0,0.0
23,pickup,0.06,0.01,0.0,0.02,0.01,0.0,0.01
23,place,0.04,0.01,0.0,0.02,0.0,0.0,0.0
24,pickup,0.05,0.01,0.0,0.02,0.01,0.0,0.0
24,place,0.03,0.0,0.0,0.01,0.01,0.0,0.0
25,pickup,0.05,0.01,0.0,0.02,0.01,0.0,0.0
25,place,0.03,0.0,0.0,0.01,0.01,0.0,0.0
26,pickup,0.05,0.01,0.0,0.02,0.01,0.0,0.01
26,place,0.04,0.01,0.0,0.02,0.01,0.0,0.0
27,pickup,0.04,0.01,0.0,0.02,0.0,0.0,0.0
27,place,0.04,0.01,0.0,0.02,0.01,0.0,0.0
28,pickup,0.05,0.01,0.0,0.02,0.01,0.0,0.0
28,place,0.05,0.01,0.0,0.02,0.01,0.0,0.01
29,pickup,0.05,0.01,0.0,0.02,0.01,0.0,0.0
29,place,0.04,0.01,0.0,0.01,0.01,0.0,0.0
30,pickup,0.05,0.01,0.0,0.02,0.01,0.0,0.0
30,place,0.04,0.01,0.0,0.02,0.01,0.0,0.0
31,pickup,0.04,0.01,0.0,0.01,0.01,0.0,0.01
31,place,0.05,0.01,0.0,0.02,0.01,0.0,0.0
32,pickup,0.06,0.01,0.0,0.03,0.01,0.0,0.01
32,place,0.06,0.01,0.0,0.02,0.01,0.0,0.01
33,pickup,0.06,0.01,0.0,0.03,0.01,0.0,0.0
33,place,0.05,0.01,0.0,0.02,0.01,0.0,0.0
34,pickup,0.05,0.01,0.0,0.02,0.01,0.0,0.01
34,place,0.03,0.01,0.0,0.01,0.01,0.0,0.0
35,pickup,0.06,0.01,0.01,0.03,0.01,0.0,0.0
35,place,0.03,0.0,0.0,0.01,0.01,0.0,0.0
36,pickup,0.06,0.01,0.0,0.03,0.01,0.0,0.01
36,place,0.04,0.01,0.0,0.01,0.01,0.0,0.0
37,pickup,0.06,0.01,0.0,0.03,0.01,0.0,0.01
37,place,0.03,0.0,0.0,0.01,0.01,0.0,0.0
38,pickup,0.05,0.01,0.0,0.02,0.01,0.0,0.01
38,place,0.04,0.01,0.0,0.02,0.01,0.0,0.01
39,pickup,0.06,0.01,0.0,0.03,0.01,0.0,0.0
39,place,0.06,0.01,0.01,0.02,0.01,0.01,0.01
40,pickup,0.06,0.01,0.0,0.03,0.01,0.0,0.0
40,place,0.06,0.01,0.0,0.03,0.01,0.0,0.01
41,pickup,0.06,0.01,0.0,0.03,0.01,0.0,0.0
41,place,0.04,0.0,0.0,0.02,0.01,0.0,0.0
42,pickup,0.07,0.01,0.01,0.03,0.01,0.0,0.01
42,place,0.05,0.01,0.0,0.02,0.01,0.0,0.0
43,pickup,0.07,0.01,0.01,0.03,0.01,0.0,0.0
43,place,0.05,0.01,0.0,0.02,0.01,0.0,0.01
44,pickup,0.05,0.01,0.0,0.03,0.01,0.0,0.0
44,place,0.05,0.01,0.0,0.02,0.01,0.0,0.0
45,pickup,0.07,0.01,0.0,0.03,0.01,0.0,0.0
45,place,0.05,0.01,0.0,0.02,0.01,0.0,0.0
46,pickup,0.07,0.01,0.01,0.03,0.01,0.0,0.01
46,place,0.05,0.01,0.0,0.02,0.01,0.0,0.01
47,pickup,0.07,0.01,0.0,0.04,0.01,0.0,0.0
47,place,0.05,0.01,0.0,0.02,0.01,0.0,0.01
48,pickup,0.06,0.01,0.0,0.04,0.01,0.0,0.0
48,place,0.06,0.01,0.0,0.03,0.01,0.0,0.01
49,pickup,0.07,0.01,0.0,0.04,0.01,0.0,0.0
49,place,0.04,0.01,0.0,0.02,0.01,0.0,0.0
50,pickup,0.05,0.01,0.0,0.02,0.01,0.0,0.01
50,place,0.03,0.01,0.0,0.01,0.01,0.0,0.0
51,pickup,0.07,0.01,0.0,0.04,0.01,0.0,0.0
51,place,0.04,0.0,0.0,0.02,0.01,0.0,0.0
52,pickup,0.06,0.01,0.0,0.03,0.01,0.0,0.0
52,place,0.07,0.01,0.01,0.03,0.01,0.0,0.01
53,pickup,0.06,0.01,0.0,0.03,0.01,0.0,0.0
53,place,0.06,0.01,0.01,0.03,0.01,0.0,0.01
54,pickup,0.04,0.01,0.0,0.01,0.01,0.0,0.01
54,place,0.08,0.01,0.01,0.04,0.01,0.0,0.01
55,pickup,0.07,0.01,0.0,0.04,0.01,0.0,0.0
55,place,0.07,0.01,0.0,0.03,0.01,0.01,0.01
56,pickup,0.07,0.01,0.0,0.04,0.01,0.0,0.01
56,place,0.03,0.01,0.0,0.01,0.01,0.0,0.0
57,pickup,0.07,0.01,0.0,0.04,0.01,0.0,0.01
57,place,0.07,0.01,0.0,0.03,0.01,0.0,0.01
58,pickup,0.08,0.01,0.01,0.04,0.01,0.01,0.01
58,place,0.05,0.01,0.0,0.03,0.01,0.0,0.0
59,pickup,0.09,0.01,0.01,0.04,0.02,0.01,0.01
59,place,0.07,0.01,0.01,0.03,0.01,0.0,0.01
60,pickup,0.07,0.01,0.01,0.03,0.01,0.01,0.01
60,place,0.06,0.01,0.0,0.03,0.01,0.0,0.0
61,pickup,0.06,0.01,0.0,0.03,0.01,0.0,0.01
61,place,0.06,0.01,0.0,0.03,0.01,0.0,0.01
62,pickup,0.08,0.01,0.01,0.04,0.01,0.01,0.01
62,place,0.06,0.01,0.0,0.03,0.01,0.0,0.01
63,pickup,0.08,0.01,0.01,0.04,0.01,0.01,0.01
63,place,0.04,0.01,0.0,0.02,0.01,0.0,0.0
64,pickup,0.07,0.01,0.0,0.03,0.01,0.01,0.01
64,place,0.05,0.01,0.0,0.03,0.01,0.0,0.01
65,pickup,0.08,0.01,0.01,0.04,0.01,0.01,0.01
65,place,0.06,0.01,0.0,0.03,0.01,0.0,0.01
66,pickup,0.08,0.01,0.01,0.04,0.01,0.01,0.01
66,place,0.06,0.01,0.0,0.02,0.01,0.0,0.01
67,pickup,0.07,0.01,0.0,0.04,0.01,0.0,0.01
67,place,0.07,0.01,0.0,0.04,0.01,0.01,0.01
68,pickup,0.05,0.01,0.0,0.01,0.01,0.0,0.01
68,place,0.06,0.01,0.0,0.03,0.01,0.01,0.01
69,pickup,0.07,0.01,0.0,0.04,0.01,0.0,0.01
69,place,0.08,0.01,0.01,0.04,0.01,0.01,0.01
70,pickup,0.09,0.01,0.01,0.04,0.02,0.01,0.01
70,place,0.05,0.01,0.0,0.02,0.01,0.0,0.01
71,pickup,0.1,0.01,0.01,0.05,0.01,0.01,0.01
71,place,0.06,0.01,0.0,0.03,0.01,0.0,0.01
72,pickup,0.08,0.01,0.01,0.04,0.01,0.01,0.01
72,place,0.05,0.01,0.0,0.02,0.01,0.0,0.01
73,pickup,0.08,0.01,0.01,0.04,0.01,0.01,0.01
73,place,0.09,0.01,0.01,0.04,0.01,0.01,0.01
74,pickup,0.1,0.01,0.01,0.06,0.01,0.01,0.01
74,place,0.09,0.01,0.01,0.04,0.01,0.01,0.01
75,pickup,0.09,0.01,0.01,0.05,0.01,0.01,0.01
75,place,0.05,0.01,0.0,0.02,0.01,0.0,0.01
76,pickup,0.09,0.01,0.01,0.05,0.01,0.01,0.01
76,place,0.08,0.01,0.01,0.03,0.01,0.01,0.01
77,pickup,0.12,0.02,0.01,0.07,0.01,0.01,0.01
77,place,0.07,0.01,0.0,0.03,0.01,0.01,0.01
78,pickup,0.11,0.02,0.01,0.06,0.01,0.01,0.01
78,place,0.08,0.02,0.01,0.04,0.01,0.01,0.01
79,pickup,0.09,0.01,0.01,0.05,0.01,0.01,0.01
79,place,0.05,0.01,0.0,0.02,0.01,0.0,0.0
80,pickup,0.11,0.02,0.01,0.06,0.01,0.01,0.01
80,place,0.05,0.01,0.0,0.02,0.01,0.0,0.01
