1000.0,1000.0,1000.0,1000.0,1000.0,1000.0,1.0,1.0,1.0,1.0,1.0,1.0,1.0,1.0,1.0,0.0
998.38,998.3,997.28,997.14,997.59,998.35,0.51,0.55,1.53,1.77,1.13,0.52,1.0,1.0,1.0,0.0
996.94,997.13,995.91,996.05,995.59,997.13,0.6,0.51,1.38,1.22,1.78,0.51,1.0,1.0,1.0,0.0
995.5,995.23,994.11,994.69,994.03,995.75,0.57,0.7,1.57,1.03,1.66,0.48,1.0,1.0,1.0,0.0
993.61,993.79,992.37,992.32,992.4,994.23,0.64,0.57,1.44,1.49,1.42,0.43,1.0,1.0,1.0,0.0
991.86,992.41,990.34,991.25,990.69,992.99,0.8,0.62,1.64,1.07,1.39,0.47,1.0,1.0,1.0,0.0
990.61,991.23,989.11,990.14,989.11,991.41,0.74,0.53,1.66,0.95,1.66,0.48,1.0,1.0,1.0,0.0
989.42,989.51,987.14,988.83,987.49,989.89,0.64,0.62,1.82,0.84,1.55,0.52,1.0,1.0,1.0,0.0
988.05,988.42,985.9,987.41,985.86,988.41,0.61,0.51,1.74,0.84,1.78,0.52,1.0,1.0,1.0,0.0
986.09,986.59,983.64,986.21,984.26,987.06,0.76,0.63,1.86,0.73,1.48,0.53,1.0,1.0,1.0,0.0
984.53,985.05,982.07,984.49,982.67,985.39,0.74,0.61,1.87,0.75,1.49,0.54,1.0,1.0,1.0,0.0
983.0,983.58,980.18,983.12,981.04,984.08,0.77,0.64,1.89,0.74,1.43,0.54,1.0,1.0,1.0,0.0
981.64,982.12,978.67,981.89,979.46,982.73,0.76,0.65,1.88,0.7,1.47,0.54,1.0,1.0,1.0,0.0
979.92,980.12,976.49,980.7,977.68,981.42,0.79,0.75,1.88,0.65,1.39,0.54,1.0,1.0,1.0,0.0
978.55,978.74,975.11,978.97,976.09,979.52,0.73,0.69,1.93,0.65,1.46,0.55,1.0,1.0,1.0,0.0
978.47,978.05,974.61,978.89,975.96,979.34,0.7,0.79,1.95,0.63,1.37,0.56,1.0,1.0,1.0,0.0
977.28,976.84,973.1,977.17,974.21,977.59,0.62,0.71,1.99,0.64,1.47,0.57,1.0,1.0,1.0,0.0
975.58,974.94,971.16,975.52,972.57,976.02,0.64,0.75,1.99,0.65,1.39,0.57,1.0,1.0,1.0,0.0
974.33,973.66,970.27,973.66,970.95,974.49,0.57,0.7,1.91,0.7,1.56,0.55,1.0,1.0,1.0,0.0
972.54,972.25,968.65,972.18,969.32,971.2,0.54,0.6,1.89,0.61,1.53,0.83,1.0,1.0,1.0,0.0
970.86,970.79,967.21,970.87,967.72,969.42,0.54,0.56,1.89,0.54,1.59,0.89,1.0,1.0,1.0,0.0
969.1,968.78,965.3,969.33,966.09,968.12,0.59,0.65,1.91,0.55,1.49,0.8,1.0,1.0,1.0,0.0
967.57,967.48,964.38,967.29,964.35,966.52,0.52,0.54,1.78,0.58,1.81,0.78,1.0,1.0,1.0,0.0
965.1,965.7,962.33,965.59,962.69,965.05,0.68,0.54,1.88,0.56,1.65,0.69,1.0,1.0,1.0,0.0
963.35,964.41,960.86,963.96,961.1,963.81,0.75,0.52,1.81,0.61,1.66,0.64,1.0,1.0,1.0,0.0
961.28,962.19,958.63,962.65,959.49,962.67,0.85,0.64,1.93,0.56,1.47,0.55,1.0,1.0,1.0,0.0
960.14,961.19,957.57,961.07,957.89,960.91,0.77,0.54,1.87,0.56,1.67,0.59,1.0,1.0,1.0,0.0
958.26,959.24,955.33,959.78,956.32,959.64,0.85,0.64,1.92,0.55,1.46,0.57,1.0,1.0,1.0,0.0
956.88,957.98,954.09,958.11,954.69,958.39,0.83,0.6,1.87,0.58,1.57,0.54,1.0,1.0,1.0,0.0
955.64,956.42,952.28,956.62,953.11,957.03,0.79,0.64,1.9,0.61,1.53,0.54,1.0,1.0,1.0,0.0
953.58,954.44,950.6,953.67,951.4,954.99,0.79,0.62,1.84,0.77,1.46,0.53,1.0,1.0,1.0,0.0
952.27,952.88,948.62,952.43,949.84,953.61,0.76,0.66,1.9,0.73,1.4,0.55,1.0,1.0,1.0,0.0
950.63,951.72,947.12,951.0,948.26,952.2,0.8,0.61,1.89,0.73,1.43,0.54,1.0,1.0,1.0,0.0
948.83,949.71,944.79,949.69,946.68,951.01,0.84,0.71,1.9,0.71,1.3,0.54,1.0,1.0,1.0,0.0
946.99,948.24,943.36,948.23,945.04,949.3,0.88,0.68,1.89,0.68,1.33,0.54,1.0,1.0,1.0,0.0
945.66,946.93,941.06,946.92,943.3,947.57,0.83,0.65,2.0,0.65,1.3,0.57,1.0,1.0,1.0,0.0
943.68,945.55,939.83,944.9,941.59,945.88,0.88,0.6,1.94,0.68,1.35,0.56,1.0,1.0,1.0,0.0
941.96,943.79,937.47,943.4,939.81,944.43,0.88,0.63,1.96,0.68,1.29,0.56,1.0,1.0,1.0,0.0
940.47,942.25,935.94,941.96,937.89,942.99,0.86,0.63,1.93,0.66,1.36,0.55,1.0,1.0,1.0,0.0
938.51,940.35,933.85,940.08,936.13,939.29,0.82,0.58,2.0,0.61,1.29,0.7,1.0,1.0,1.0,0.0
937.53,939.27,932.88,938.05,934.4,938.0,0.76,0.54,1.9,0.69,1.41,0.7,1.0,1.0,1.0,0.0
935.45,937.39,930.7,936.59,932.59,936.45,0.8,0.56,1.95,0.65,1.37,0.67,1.0,1.0,1.0,0.0
933.71,935.85,929.22,935.05,931.0,935.1,0.83,0.56,1.94,0.65,1.39,0.64,1.0,1.0,1.0,0.0
932.02,933.86,926.89,933.59,929.42,933.78,0.82,0.59,2.06,0.62,1.31,0.6,1.0,1.0,1.0,0.0
930.61,932.71,925.38,932.05,927.68,932.52,0.82,0.58,2.01,0.64,1.35,0.6,1.0,1.0,1.0,0.0
928.69,930.64,923.12,930.86,926.07,931.12,0.85,0.63,2.04,0.61,1.28,0.59,1.0,1.0,1.0,0.0
927.14,928.91,921.62,929.16,924.45,929.87,0.86,0.66,1.98,0.63,1.29,0.57,1.0,1.0,1.0,0.0
925.66,927.21,919.74,927.16,922.86,928.33,0.84,0.67,1.99,0.67,1.26,0.57,1.0,1.0,1.0,0.0
924.28,925.74,917.81,925.55,921.22,925.52,0.77,0.61,2.12,0.63,1.24,0.63,1.0,1.0,1.0,0.0
922.59,923.75,915.95,923.54,919.53,923.64,0.74,0.62,2.15,0.64,1.21,0.63,1.0,1.0,1.0,0.0
920.61,922.41,914.2,922.08,917.91,922.21,0.8,0.61,2.12,0.64,1.2,0.63,1.0,1.0,1.0,0.0
918.95,920.83,911.98,920.89,915.88,921.11,0.81,0.63,2.1,0.62,1.23,0.6,1.0,1.0,1.0,0.0
917.45,919.52,910.64,919.3,914.3,919.67,0.81,0.61,2.09,0.63,1.26,0.6,1.0,1.0,1.0,0.0
915.57,918.23,909.0,917.87,912.71,918.29,0.85,0.6,2.07,0.63,1.26,0.59,1.0,1.0,1.0,0.0
913.96,916.21,906.87,914.51,910.82,915.09,0.79,0.58,2.03,0.73,1.2,0.68,1.0,1.0,1.0,0.0
912.29,914.63,904.68,913.31,908.89,913.85,0.79,0.59,2.06,0.7,1.21,0.65,1.0,1.0,1.0,0.0
910.86,911.42,904.65,912.67,908.66,910.59,0.77,0.71,2.04,0.58,1.09,0.81,1.0,1.0,1.0,0.0
909.13,909.52,902.36,911.2,906.94,909.17,0.78,0.74,2.04,0.59,1.07,0.78,1.0,1.0,1.0,0.0
907.82,908.07,900.73,909.52,905.15,906.5,0.74,0.71,2.01,0.58,1.07,0.89,1.0,1.0,1.0,0.0
906.38,907.09,899.03,908.15,903.56,905.42,0.75,0.68,2.04,0.59,1.1,0.85,1.0,1.0,1.0,0.0
905.1,905.58,897.64,906.55,901.88,903.92,0.72,0.67,2.05,0.59,1.13,0.85,1.0,1.0,1.0,0.0
902.78,903.57,895.25,905.27,899.97,902.7,0.79,0.71,2.01,0.58,1.12,0.79,1.0,1.0,1.0,0.0
901.23,902.29,894.1,902.44,898.0,901.2,0.73,0.62,2.12,0.61,1.18,0.73,1.0,1.0,1.0,0.0
899.38,900.66,891.95,901.23,896.18,900.05,0.77,0.65,2.09,0.6,1.18,0.7,1.0,1.0,1.0,0.0
897.86,898.92,890.63,899.12,894.54,898.37,0.74,0.63,2.13,0.61,1.2,0.68,1.0,1.0,1.0,0.0
895.84,896.73,888.38,897.39,892.59,896.9,0.76,0.67,2.13,0.61,1.19,0.65,1.0,1.0,1.0,0.0
894.44,895.36,886.94,895.54,890.82,895.25,0.73,0.63,2.15,0.62,1.22,0.64,1.0,1.0,1.0,0.0
893.19,893.73,885.2,894.04,889.18,893.62,0.7,0.65,2.16,0.62,1.23,0.66,1.0,1.0,1.0,0.0
891.53,892.18,883.39,892.56,887.51,891.91,0.71,0.65,2.14,0.61,1.22,0.67,1.0,1.0,1.0,0.0
890.09,890.68,881.79,890.65,885.72,888.8,0.66,0.61,2.12,0.61,1.22,0.79,1.0,1.0,1.0,0.0
888.25,889.29,880.5,888.81,883.93,887.22,0.68,0.59,2.05,0.63,1.26,0.79,1.0,1.0,1.0,0.0
886.37,887.74,878.52,887.11,882.21,886.01,0.71,0.59,2.06,0.64,1.25,0.75,1.0,1.0,1.0,0.0
884.95,886.28,877.15,885.66,880.46,884.62,0.7,0.59,2.04,0.64,1.3,0.73,1.0,1.0,1.0,0.0
883.22,884.82,875.14,884.43,878.61,883.45,0.72,0.59,2.05,0.62,1.31,0.7,1.0,1.0,1.0,0.0
881.85,883.48,873.68,882.91,877.02,881.86,0.72,0.58,2.03,0.63,1.32,0.72,1.0,1.0,1.0,0.0
881.48,882.97,873.42,882.4,876.81,881.84,0.72,0.59,2.06,0.64,1.32,0.68,1.0,1.0,1.0,0.0
880.18,881.74,872.48,880.83,875.24,880.52,0.71,0.58,2.01,0.65,1.38,0.68,1.0,1.0,1.0,0.0
879.31,881.02,871.24,880.49,875.03,880.31,0.74,0.6,2.08,0.64,1.28,0.65,1.0,1.0,1.0,0.0
877.66,879.24,869.73,878.72,873.34,878.69,0.74,0.6,2.09,0.64,1.3,0.64,1.0,1.0,1.0,0.0
877.3,879.14,869.05,878.7,873.32,877.15,0.74,0.59,2.07,0.63,1.21,0.76,1.0,1.0,1.0,0.0
875.76,877.47,867.03,877.03,871.4,874.67,0.72,0.59,2.04,0.62,1.21,0.82,1.0,1.0,1.0,0.0
873.71,875.77,864.91,875.62,869.73,873.63,0.76,0.6,2.08,0.61,1.19,0.76,1.0,1.0,1.0,0.0
872.25,874.08,863.28,872.89,868.01,871.88,0.73,0.59,2.06,0.68,1.19,0.76,1.0,1.0,1.0,0.0
870.27,872.53,861.17,871.49,866.33,870.43,0.76,0.59,2.07,0.66,1.17,0.75,1.0,1.0,1.0,0.0
868.78,871.22,859.98,869.73,864.75,868.74,0.76,0.58,2.02,0.68,1.19,0.76,1.0,1.0,1.0,0.0
866.98,869.03,857.46,868.43,863.08,867.36,0.76,0.61,2.11,0.65,1.15,0.73,1.0,1.0,1.0,0.0
865.66,867.87,856.07,866.92,861.42,866.02,0.75,0.6,2.08,0.66,1.18,0.73,1.0,1.0,1.0,0.0
863.72,866.59,854.23,864.08,859.68,864.78,0.78,0.58,2.03,0.75,1.17,0.7,1.0,1.0,1.0,0.0
861.7,863.52,852.19,862.78,857.7,863.45,0.76,0.62,2.16,0.67,1.17,0.62,1.0,1.0,1.0,0.0
860.04,861.91,850.93,861.34,855.87,860.7,0.75,0.61,2.11,0.65,1.2,0.69,1.0,1.0,1.0,0.0
858.99,860.86,849.77,859.91,854.29,859.67,0.73,0.6,2.08,0.66,1.25,0.68,1.0,1.0,1.0,0.0
858.19,860.42,848.7,859.79,854.23,859.3,0.77,0.61,2.12,0.65,1.17,0.68,1.0,1.0,1.0,0.0
857.15,859.35,847.71,858.33,852.4,857.62,0.75,0.59,2.05,0.66,1.24,0.71,1.0,1.0,1.0,0.0
855.25,857.42,845.51,856.69,850.78,855.98,0.75,0.6,2.09,0.65,1.2,0.7,1.0,1.0,1.0,0.0
854.21,856.31,844.62,855.24,849.01,854.83,0.74,0.59,2.05,0.66,1.28,0.69,1.0,1.0,1.0,0.0
851.94,854.64,843.16,853.5,847.27,851.52,0.76,0.57,1.98,0.64,1.26,0.8,1.0,1.0,1.0,0.0
850.78,853.48,841.93,852.2,845.12,850.04,0.74,0.55,1.92,0.63,1.36,0.8,1.0,1.0,1.0,0.0
848.57,851.58,839.87,850.77,843.54,848.92,0.78,0.56,1.97,0.62,1.33,0.75,1.0,1.0,1.0,0.0
847.36,850.13,838.2,849.25,841.92,847.59,0.76,0.57,1.98,0.62,1.34,0.74,1.0,1.0,1.0,0.0
846.72,849.63,837.85,849.15,841.85,847.23,0.78,0.57,2.0,0.6,1.3,0.74,1.0,1.0,1.0,0.0
845.26,848.05,836.3,847.37,840.18,845.45,0.77,0.57,1.99,0.61,1.31,0.75,1.0,1.0,1.0,0.0
842.92,846.17,833.83,846.12,838.55,844.45,0.81,0.59,2.04,0.59,1.27,0.7,1.0,1.0,1.0,0.0
841.41,844.66,832.29,844.71,836.88,843.0,0.81,0.59,2.04,0.59,1.28,0.69,1.0,1.0,1.0,0.0
839.86,842.83,830.5,843.0,835.25,841.6,0.81,0.6,2.05,0.59,1.27,0.68,1.0,1.0,1.0,0.0
838.32,840.97,828.57,841.49,833.45,838.74,0.79,0.61,2.02,0.58,1.26,0.75,1.0,1.0,1.0,0.0
836.18,839.05,826.69,839.56,831.83,837.29,0.81,0.61,2.03,0.58,1.23,0.73,1.0,1.0,1.0,0.0
834.35,836.81,824.28,837.58,829.87,834.27,0.79,0.62,2.02,0.58,1.19,0.79,1.0,1.0,1.0,0.0
830.95,833.22,819.76,835.09,826.49,831.31,0.81,0.67,2.01,0.58,1.16,0.78,1.0,1.0,1.0,0.0
829.72,832.0,818.23,833.51,824.68,828.65,0.78,0.65,1.99,0.57,1.17,0.85,1.0,1.0,1.0,0.0
827.91,830.13,815.99,831.96,822.91,827.28,0.79,0.66,2.0,0.57,1.16,0.82,1.0,1.0,1.0,0.0
826.75,829.01,814.7,830.52,821.3,825.72,0.77,0.64,2.0,0.57,1.18,0.83,1.0,1.0,1.0,0.0
824.77,826.71,812.34,828.94,819.66,824.27,0.78,0.68,2.0,0.57,1.15,0.81,1.0,1.0,1.0,0.0
823.49,825.43,811.15,827.41,818.09,822.57,0.77,0.67,1.99,0.57,1.17,0.83,1.0,1.0,1.0,0.0
822.84,825.05,811.1,826.05,817.83,821.23,0.76,0.63,2.02,0.58,1.15,0.87,1.0,1.0,1.0,0.0
821.61,823.65,809.6,824.49,816.11,820.04,0.74,0.63,2.03,0.58,1.17,0.85,1.0,1.0,1.0,0.0
819.76,821.7,808.22,822.18,814.26,817.29,0.72,0.61,2.02,0.58,1.17,0.9,1.0,1.0,1.0,0.0
817.86,820.44,806.78,820.36,812.65,815.91,0.74,0.58,2.03,0.59,1.18,0.88,1.0,1.0,1.0,0.0
815.93,818.77,804.69,819.0,810.94,814.66,0.76,0.6,2.03,0.58,1.18,0.85,1.0,1.0,1.0,0.0
814.63,817.44,803.49,817.04,809.37,813.2,0.75,0.58,2.03,0.6,1.19,0.85,1.0,1.0,1.0,0.0
813.01,815.96,801.4,815.78,807.45,811.74,0.75,0.58,2.03,0.59,1.21,0.84,1.0,1.0,1.0,0.0
811.38,814.44,799.8,814.28,805.67,810.27,0.75,0.58,2.02,0.59,1.22,0.83,1.0,1.0,1.0,0.0
809.57,812.76,798.24,811.13,803.94,808.68,0.75,0.57,1.99,0.66,1.22,0.81,1.0,1.0,1.0,0.0
808.29,811.39,796.92,808.56,802.34,806.83,0.73,0.56,1.95,0.71,1.22,0.83,1.0,1.0,1.0,0.0
806.48,809.75,795.08,807.01,800.61,803.67,0.73,0.55,1.92,0.69,1.19,0.92,1.0,1.0,1.0,0.0
804.14,806.75,793.45,805.55,798.94,802.53,0.73,0.58,2.0,0.64,1.19,0.85,1.0,1.0,1.0,0.0
802.3,804.98,791.28,804.02,797.18,801.03,0.74,0.58,2.03,0.64,1.18,0.83,1.0,1.0,1.0,0.0
800.4,803.36,789.75,800.9,795.38,798.3,0.73,0.56,1.95,0.7,1.16,0.89,1.0,1.0,1.0,0.0
798.64,801.25,787.62,799.64,793.47,797.1,0.73,0.58,2.01,0.67,1.17,0.84,1.0,1.0,1.0,0.0
797.57,800.22,786.59,798.1,791.59,795.9,0.72,0.56,1.96,0.68,1.24,0.84,1.0,1.0,1.0,0.0
795.91,798.38,784.85,796.75,789.94,794.51,0.72,0.57,1.99,0.66,1.24,0.81,1.0,1.0,1.0,0.0
794.6,796.95,783.57,794.89,788.34,792.8,0.7,0.56,1.97,0.68,1.26,0.83,1.0,1.0,1.0,0.0
792.65,795.2,781.28,791.57,786.43,791.35,0.7,0.56,1.95,0.77,1.23,0.79,1.0,1.0,1.0,0.0
791.22,794.01,780.06,789.97,784.87,790.26,0.71,0.55,1.93,0.79,1.25,0.77,1.0,1.0,1.0,0.0
788.67,791.31,777.72,788.65,783.05,788.79,0.73,0.58,2.01,0.73,1.23,0.72,1.0,1.0,1.0,0.0
787.32,789.56,776.36,786.49,781.42,787.57,0.71,0.58,2.01,0.77,1.24,0.69,1.0,1.0,1.0,0.0
783.5,786.25,772.74,783.57,777.76,784.67,0.74,0.58,2.01,0.74,1.26,0.67,1.0,1.0,1.0,0.0
782.02,784.72,771.17,782.35,776.14,783.1,0.74,0.58,2.02,0.72,1.27,0.67,1.0,1.0,1.0,0.0
780.12,783.05,770.4,780.14,775.65,782.15,0.78,0.58,2.03,0.77,1.21,0.64,1.0,1.0,1.0,0.0
778.88,781.85,768.76,778.99,773.97,781.01,0.77,0.58,2.03,0.76,1.23,0.63,1.0,1.0,1.0,0.0
777.37,780.18,767.62,777.09,772.12,778.07,0.75,0.57,1.97,0.77,1.26,0.7,1.0,1.0,1.0,0.0
776.17,779.07,766.25,775.51,770.56,776.62,0.74,0.56,1.94,0.79,1.27,0.71,1.0,1.0,1.0,0.0
774.52,776.79,764.18,773.98,768.93,775.42,0.72,0.58,2.02,0.76,1.26,0.66,1.0,1.0,1.0,0.0
773.41,775.46,762.85,772.71,767.34,773.97,0.71,0.58,2.01,0.76,1.28,0.67,1.0,1.0,1.0,0.0
772.88,774.74,762.25,772.28,767.24,773.83,0.71,0.59,2.06,0.75,1.24,0.65,1.0,1.0,1.0,0.0
771.32,773.02,760.42,771.07,765.27,771.15,0.69,0.59,2.04,0.71,1.26,0.7,1.0,1.0,1.0,0.0
769.55,771.61,759.44,769.52,763.59,768.08,0.69,0.56,1.96,0.7,1.28,0.81,1.0,1.0,1.0,0.0
767.78,770.07,757.58,768.08,761.87,766.73,0.71,0.57,1.97,0.69,1.28,0.79,1.0,1.0,1.0,0.0
765.79,767.98,755.19,766.82,760.22,765.52,0.72,0.59,2.04,0.66,1.25,0.74,1.0,1.0,1.0,0.0
764.37,766.35,753.43,765.38,758.56,763.92,0.71,0.59,2.06,0.65,1.25,0.75,1.0,1.0,1.0,0.0
763.01,764.84,751.64,763.87,756.98,762.47,0.7,0.59,2.07,0.65,1.24,0.74,1.0,1.0,1.0,0.0
761.78,763.54,750.02,762.52,755.33,760.95,0.69,0.59,2.06,0.65,1.26,0.75,1.0,1.0,1.0,0.0
759.98,761.86,748.01,761.06,753.48,759.57,0.7,0.59,2.07,0.64,1.26,0.73,1.0,1.0,1.0,0.0
758.76,760.73,746.95,759.57,751.8,758.4,0.7,0.58,2.04,0.65,1.31,0.72,1.0,1.0,1.0,0.0
756.69,758.45,744.57,758.1,749.84,757.0,0.7,0.6,2.09,0.62,1.3,0.68,1.0,1.0,1.0,0.0
755.44,757.32,743.57,756.53,748.27,755.55,0.7,0.59,2.05,0.63,1.34,0.69,1.0,1.0,1.0,0.0
754.42,756.35,742.4,754.57,748.06,755.44,0.71,0.6,2.09,0.7,1.25,0.65,1.0,1.0,1.0,0.0
752.67,754.15,740.28,752.98,746.33,752.05,0.69,0.6,2.1,0.67,1.21,0.73,1.0,1.0,1.0,0.0
750.87,752.3,738.03,751.29,744.54,750.56,0.69,0.61,2.12,0.67,1.2,0.71,1.0,1.0,1.0,0.0
749.41,750.79,736.83,749.43,742.9,748.98,0.68,0.6,2.1,0.68,1.22,0.71,1.0,1.0,1.0,0.0
747.55,749.07,734.75,748.18,741.21,747.52,0.7,0.61,2.13,0.66,1.21,0.7,1.0,1.0,1.0,0.0
745.83,747.52,733.49,746.56,739.53,746.17,0.7,0.61,2.11,0.66,1.23,0.68,1.0,1.0,1.0,0.0
